"[(0, 0),""path""]";"[(1, 0),""path""]";"[(2, 0),""path""]";"[(3, 0),""wall""]";"[(4, 0),""path""]";"[(5, 0),""wall""]";"[(6, 0),""path""]";"[(7, 0),""wall""]";"[(8, 0),""path""]";"[(9, 0),""path""]";"[(10, 0),""wall""]";"[(11, 0),""wall""]";"[(12, 0),""path""]";"[(13, 0),""path""]";"[(14, 0),""wall""]";"[(15, 0),""path""]";"[(16, 0),""wall""]";"[(17, 0),""path""]";"[(18, 0),""path""]";"[(19, 0),""path""]";"[(20, 0),""wall""]";"[(21, 0),""path""]";"[(22, 0),""wall""]";"[(23, 0),""wall""]";"[(24, 0),""path""]";"[(25, 0),""wall""]";"[(26, 0),""path""]";"[(27, 0),""wall""]";"[(28, 0),""path""]";"[(29, 0),""wall""]";"[(30, 0),""path""]";"[(31, 0),""wall""]";"[(32, 0),""path""]";"[(33, 0),""wall""]";"[(34, 0),""path""]";"[(35, 0),""wall""]";"[(36, 0),""path""]";"[(37, 0),""wall""]";"[(38, 0),""path""]";"[(39, 0),""path""]"
"[(0, 1),""path""]";"[(1, 1),""wall""]";"[(2, 1),""path""]";"[(3, 1),""path""]";"[(4, 1),""path""]";"[(5, 1),""path""]";"[(6, 1),""path""]";"[(7, 1),""wall""]";"[(8, 1),""wall""]";"[(9, 1),""path""]";"[(10, 1),""path""]";"[(11, 1),""path""]";"[(12, 1),""wall""]";"[(13, 1),""path""]";"[(14, 1),""path""]";"[(15, 1),""path""]";"[(16, 1),""path""]";"[(17, 1),""path""]";"[(18, 1),""wall""]";"[(19, 1),""wall""]";"[(20, 1),""path""]";"[(21, 1),""path""]";"[(22, 1),""path""]";"[(23, 1),""path""]";"[(24, 1),""path""]";"[(25, 1),""path""]";"[(26, 1),""path""]";"[(27, 1),""path""]";"[(28, 1),""path""]";"[(29, 1),""path""]";"[(30, 1),""path""]";"[(31, 1),""path""]";"[(32, 1),""path""]";"[(33, 1),""wall""]";"[(34, 1),""path""]";"[(35, 1),""wall""]";"[(36, 1),""path""]";"[(37, 1),""path""]";"[(38, 1),""path""]";"[(39, 1),""wall""]"
"[(0, 2),""path""]";"[(1, 2),""wall""]";"[(2, 2),""path""]";"[(3, 2),""wall""]";"[(4, 2),""path""]";"[(5, 2),""wall""]";"[(6, 2),""path""]";"[(7, 2),""path""]";"[(8, 2),""path""]";"[(9, 2),""start""]";"[(10, 2),""wall""]";"[(11, 2),""wall""]";"[(12, 2),""path""]";"[(13, 2),""path""]";"[(14, 2),""wall""]";"[(15, 2),""path""]";"[(16, 2),""wall""]";"[(17, 2),""path""]";"[(18, 2),""path""]";"[(19, 2),""path""]";"[(20, 2),""path""]";"[(21, 2),""wall""]";"[(22, 2),""path""]";"[(23, 2),""wall""]";"[(24, 2),""path""]";"[(25, 2),""wall""]";"[(26, 2),""path""]";"[(27, 2),""wall""]";"[(28, 2),""path""]";"[(29, 2),""wall""]";"[(30, 2),""path""]";"[(31, 2),""wall""]";"[(32, 2),""path""]";"[(33, 2),""path""]";"[(34, 2),""path""]";"[(35, 2),""path""]";"[(36, 2),""path""]";"[(37, 2),""wall""]";"[(38, 2),""path""]";"[(39, 2),""path""]"
"[(0, 3),""wall""]";"[(1, 3),""path""]";"[(2, 3),""wall""]";"[(3, 3),""path""]";"[(4, 3),""wall""]";"[(5, 3),""path""]";"[(6, 3),""path""]";"[(7, 3),""wall""]";"[(8, 3),""wall""]";"[(9, 3),""path""]";"[(10, 3),""path""]";"[(11, 3),""path""]";"[(12, 3),""path""]";"[(13, 3),""wall""]";"[(14, 3),""path""]";"[(15, 3),""wall""]";"[(16, 3),""path""]";"[(17, 3),""path""]";"[(18, 3),""wall""]";"[(19, 3),""wall""]";"[(20, 3),""path""]";"[(21, 3),""path""]";"[(22, 3),""wall""]";"[(23, 3),""wall""]";"[(24, 3),""path""]";"[(25, 3),""path""]";"[(26, 3),""wall""]";"[(27, 3),""path""]";"[(28, 3),""path""]";"[(29, 3),""path""]";"[(30, 3),""wall""]";"[(31, 3),""wall""]";"[(32, 3),""path""]";"[(33, 3),""wall""]";"[(34, 3),""wall""]";"[(35, 3),""path""]";"[(36, 3),""wall""]";"[(37, 3),""path""]";"[(38, 3),""wall""]";"[(39, 3),""wall""]"
"[(0, 4),""path""]";"[(1, 4),""path""]";"[(2, 4),""wall""]";"[(3, 4),""path""]";"[(4, 4),""wall""]";"[(5, 4),""path""]";"[(6, 4),""wall""]";"[(7, 4),""path""]";"[(8, 4),""path""]";"[(9, 4),""path""]";"[(10, 4),""wall""]";"[(11, 4),""wall""]";"[(12, 4),""path""]";"[(13, 4),""wall""]";"[(14, 4),""path""]";"[(15, 4),""path""]";"[(16, 4),""wall""]";"[(17, 4),""path""]";"[(18, 4),""path""]";"[(19, 4),""path""]";"[(20, 4),""wall""]";"[(21, 4),""path""]";"[(22, 4),""wall""]";"[(23, 4),""path""]";"[(24, 4),""path""]";"[(25, 4),""wall""]";"[(26, 4),""wall""]";"[(27, 4),""path""]";"[(28, 4),""wall""]";"[(29, 4),""path""]";"[(30, 4),""path""]";"[(31, 4),""path""]";"[(32, 4),""wall""]";"[(33, 4),""wall""]";"[(34, 4),""path""]";"[(35, 4),""wall""]";"[(36, 4),""path""]";"[(37, 4),""path""]";"[(38, 4),""wall""]";"[(39, 4),""path""]"
"[(0, 5),""wall""]";"[(1, 5),""path""]";"[(2, 5),""path""]";"[(3, 5),""path""]";"[(4, 5),""path""]";"[(5, 5),""wall""]";"[(6, 5),""wall""]";"[(7, 5),""wall""]";"[(8, 5),""wall""]";"[(9, 5),""path""]";"[(10, 5),""path""]";"[(11, 5),""path""]";"[(12, 5),""wall""]";"[(13, 5),""path""]";"[(14, 5),""path""]";"[(15, 5),""wall""]";"[(16, 5),""wall""]";"[(17, 5),""wall""]";"[(18, 5),""path""]";"[(19, 5),""wall""]";"[(20, 5),""path""]";"[(21, 5),""wall""]";"[(22, 5),""path""]";"[(23, 5),""wall""]";"[(24, 5),""wall""]";"[(25, 5),""path""]";"[(26, 5),""path""]";"[(27, 5),""wall""]";"[(28, 5),""path""]";"[(29, 5),""wall""]";"[(30, 5),""wall""]";"[(31, 5),""path""]";"[(32, 5),""path""]";"[(33, 5),""path""]";"[(34, 5),""path""]";"[(35, 5),""wall""]";"[(36, 5),""path""]";"[(37, 5),""wall""]";"[(38, 5),""path""]";"[(39, 5),""path""]"
"[(0, 6),""path""]";"[(1, 6),""wall""]";"[(2, 6),""path""]";"[(3, 6),""wall""]";"[(4, 6),""path""]";"[(5, 6),""wall""]";"[(6, 6),""wall""]";"[(7, 6),""path""]";"[(8, 6),""path""]";"[(9, 6),""wall""]";"[(10, 6),""wall""]";"[(11, 6),""path""]";"[(12, 6),""path""]";"[(13, 6),""wall""]";"[(14, 6),""path""]";"[(15, 6),""path""]";"[(16, 6),""wall""]";"[(17, 6),""path""]";"[(18, 6),""wall""]";"[(19, 6),""path""]";"[(20, 6),""path""]";"[(21, 6),""path""]";"[(22, 6),""path""]";"[(23, 6),""path""]";"[(24, 6),""wall""]";"[(25, 6),""path""]";"[(26, 6),""wall""]";"[(27, 6),""path""]";"[(28, 6),""path""]";"[(29, 6),""path""]";"[(30, 6),""wall""]";"[(31, 6),""wall""]";"[(32, 6),""path""]";"[(33, 6),""wall""]";"[(34, 6),""path""]";"[(35, 6),""wall""]";"[(36, 6),""path""]";"[(37, 6),""wall""]";"[(38, 6),""path""]";"[(39, 6),""wall""]"
"[(0, 7),""path""]";"[(1, 7),""path""]";"[(2, 7),""wall""]";"[(3, 7),""path""]";"[(4, 7),""path""]";"[(5, 7),""path""]";"[(6, 7),""path""]";"[(7, 7),""wall""]";"[(8, 7),""path""]";"[(9, 7),""path""]";"[(10, 7),""path""]";"[(11, 7),""path""]";"[(12, 7),""wall""]";"[(13, 7),""wall""]";"[(14, 7),""wall""]";"[(15, 7),""path""]";"[(16, 7),""wall""]";"[(17, 7),""path""]";"[(18, 7),""path""]";"[(19, 7),""path""]";"[(20, 7),""wall""]";"[(21, 7),""path""]";"[(22, 7),""wall""]";"[(23, 7),""wall""]";"[(24, 7),""wall""]";"[(25, 7),""path""]";"[(26, 7),""path""]";"[(27, 7),""wall""]";"[(28, 7),""path""]";"[(29, 7),""wall""]";"[(30, 7),""path""]";"[(31, 7),""wall""]";"[(32, 7),""path""]";"[(33, 7),""path""]";"[(34, 7),""wall""]";"[(35, 7),""wall""]";"[(36, 7),""path""]";"[(37, 7),""wall""]";"[(38, 7),""path""]";"[(39, 7),""path""]"
"[(0, 8),""wall""]";"[(1, 8),""path""]";"[(2, 8),""wall""]";"[(3, 8),""wall""]";"[(4, 8),""path""]";"[(5, 8),""wall""]";"[(6, 8),""wall""]";"[(7, 8),""path""]";"[(8, 8),""wall""]";"[(9, 8),""wall""]";"[(10, 8),""wall""]";"[(11, 8),""path""]";"[(12, 8),""path""]";"[(13, 8),""wall""]";"[(14, 8),""path""]";"[(15, 8),""path""]";"[(16, 8),""path""]";"[(17, 8),""path""]";"[(18, 8),""wall""]";"[(19, 8),""path""]";"[(20, 8),""path""]";"[(21, 8),""wall""]";"[(22, 8),""wall""]";"[(23, 8),""wall""]";"[(24, 8),""wall""]";"[(25, 8),""path""]";"[(26, 8),""wall""]";"[(27, 8),""path""]";"[(28, 8),""path""]";"[(29, 8),""wall""]";"[(30, 8),""path""]";"[(31, 8),""path""]";"[(32, 8),""wall""]";"[(33, 8),""wall""]";"[(34, 8),""path""]";"[(35, 8),""path""]";"[(36, 8),""path""]";"[(37, 8),""wall""]";"[(38, 8),""path""]";"[(39, 8),""wall""]"
"[(0, 9),""path""]";"[(1, 9),""path""]";"[(2, 9),""path""]";"[(3, 9),""path""]";"[(4, 9),""path""]";"[(5, 9),""path""]";"[(6, 9),""path""]";"[(7, 9),""path""]";"[(8, 9),""path""]";"[(9, 9),""path""]";"[(10, 9),""wall""]";"[(11, 9),""path""]";"[(12, 9),""wall""]";"[(13, 9),""wall""]";"[(14, 9),""wall""]";"[(15, 9),""wall""]";"[(16, 9),""path""]";"[(17, 9),""wall""]";"[(18, 9),""path""]";"[(19, 9),""wall""]";"[(20, 9),""path""]";"[(21, 9),""path""]";"[(22, 9),""path""]";"[(23, 9),""wall""]";"[(24, 9),""path""]";"[(25, 9),""wall""]";"[(26, 9),""path""]";"[(27, 9),""wall""]";"[(28, 9),""path""]";"[(29, 9),""wall""]";"[(30, 9),""path""]";"[(31, 9),""wall""]";"[(32, 9),""path""]";"[(33, 9),""wall""]";"[(34, 9),""path""]";"[(35, 9),""wall""]";"[(36, 9),""path""]";"[(37, 9),""path""]";"[(38, 9),""path""]";"[(39, 9),""wall""]"
"[(0, 10),""path""]";"[(1, 10),""wall""]";"[(2, 10),""path""]";"[(3, 10),""wall""]";"[(4, 10),""path""]";"[(5, 10),""wall""]";"[(6, 10),""path""]";"[(7, 10),""wall""]";"[(8, 10),""wall""]";"[(9, 10),""path""]";"[(10, 10),""path""]";"[(11, 10),""path""]";"[(12, 10),""wall""]";"[(13, 10),""path""]";"[(14, 10),""wall""]";"[(15, 10),""path""]";"[(16, 10),""wall""]";"[(17, 10),""path""]";"[(18, 10),""path""]";"[(19, 10),""path""]";"[(20, 10),""wall""]";"[(21, 10),""wall""]";"[(22, 10),""path""]";"[(23, 10),""wall""]";"[(24, 10),""path""]";"[(25, 10),""path""]";"[(26, 10),""path""]";"[(27, 10),""path""]";"[(28, 10),""path""]";"[(29, 10),""path""]";"[(30, 10),""path""]";"[(31, 10),""path""]";"[(32, 10),""path""]";"[(33, 10),""path""]";"[(34, 10),""wall""]";"[(35, 10),""path""]";"[(36, 10),""wall""]";"[(37, 10),""path""]";"[(38, 10),""wall""]";"[(39, 10),""path""]"
"[(0, 11),""path""]";"[(1, 11),""wall""]";"[(2, 11),""path""]";"[(3, 11),""wall""]";"[(4, 11),""path""]";"[(5, 11),""wall""]";"[(6, 11),""path""]";"[(7, 11),""wall""]";"[(8, 11),""path""]";"[(9, 11),""path""]";"[(10, 11),""wall""]";"[(11, 11),""path""]";"[(12, 11),""path""]";"[(13, 11),""path""]";"[(14, 11),""wall""]";"[(15, 11),""path""]";"[(16, 11),""wall""]";"[(17, 11),""path""]";"[(18, 11),""wall""]";"[(19, 11),""path""]";"[(20, 11),""path""]";"[(21, 11),""wall""]";"[(22, 11),""wall""]";"[(23, 11),""wall""]";"[(24, 11),""path""]";"[(25, 11),""wall""]";"[(26, 11),""wall""]";"[(27, 11),""wall""]";"[(28, 11),""path""]";"[(29, 11),""wall""]";"[(30, 11),""path""]";"[(31, 11),""wall""]";"[(32, 11),""path""]";"[(33, 11),""wall""]";"[(34, 11),""path""]";"[(35, 11),""path""]";"[(36, 11),""path""]";"[(37, 11),""path""]";"[(38, 11),""path""]";"[(39, 11),""path""]"
"[(0, 12),""path""]";"[(1, 12),""wall""]";"[(2, 12),""path""]";"[(3, 12),""wall""]";"[(4, 12),""wall""]";"[(5, 12),""path""]";"[(6, 12),""wall""]";"[(7, 12),""path""]";"[(8, 12),""path""]";"[(9, 12),""wall""]";"[(10, 12),""path""]";"[(11, 12),""path""]";"[(12, 12),""wall""]";"[(13, 12),""path""]";"[(14, 12),""path""]";"[(15, 12),""path""]";"[(16, 12),""path""]";"[(17, 12),""path""]";"[(18, 12),""wall""]";"[(19, 12),""wall""]";"[(20, 12),""path""]";"[(21, 12),""path""]";"[(22, 12),""wall""]";"[(23, 12),""wall""]";"[(24, 12),""wall""]";"[(25, 12),""path""]";"[(26, 12),""path""]";"[(27, 12),""path""]";"[(28, 12),""wall""]";"[(29, 12),""path""]";"[(30, 12),""path""]";"[(31, 12),""wall""]";"[(32, 12),""path""]";"[(33, 12),""path""]";"[(34, 12),""path""]";"[(35, 12),""wall""]";"[(36, 12),""wall""]";"[(37, 12),""path""]";"[(38, 12),""wall""]";"[(39, 12),""wall""]"
"[(0, 13),""path""]";"[(1, 13),""path""]";"[(2, 13),""wall""]";"[(3, 13),""path""]";"[(4, 13),""path""]";"[(5, 13),""path""]";"[(6, 13),""path""]";"[(7, 13),""path""]";"[(8, 13),""wall""]";"[(9, 13),""path""]";"[(10, 13),""path""]";"[(11, 13),""wall""]";"[(12, 13),""path""]";"[(13, 13),""path""]";"[(14, 13),""wall""]";"[(15, 13),""path""]";"[(16, 13),""wall""]";"[(17, 13),""path""]";"[(18, 13),""path""]";"[(19, 13),""path""]";"[(20, 13),""wall""]";"[(21, 13),""path""]";"[(22, 13),""path""]";"[(23, 13),""wall""]";"[(24, 13),""path""]";"[(25, 13),""wall""]";"[(26, 13),""path""]";"[(27, 13),""wall""]";"[(28, 13),""path""]";"[(29, 13),""wall""]";"[(30, 13),""path""]";"[(31, 13),""path""]";"[(32, 13),""wall""]";"[(33, 13),""path""]";"[(34, 13),""wall""]";"[(35, 13),""wall""]";"[(36, 13),""path""]";"[(37, 13),""path""]";"[(38, 13),""path""]";"[(39, 13),""path""]"
"[(0, 14),""wall""]";"[(1, 14),""path""]";"[(2, 14),""path""]";"[(3, 14),""wall""]";"[(4, 14),""wall""]";"[(5, 14),""wall""]";"[(6, 14),""path""]";"[(7, 14),""wall""]";"[(8, 14),""wall""]";"[(9, 14),""wall""]";"[(10, 14),""path""]";"[(11, 14),""path""]";"[(12, 14),""wall""]";"[(13, 14),""path""]";"[(14, 14),""wall""]";"[(15, 14),""path""]";"[(16, 14),""path""]";"[(17, 14),""wall""]";"[(18, 14),""wall""]";"[(19, 14),""path""]";"[(20, 14),""path""]";"[(21, 14),""wall""]";"[(22, 14),""path""]";"[(23, 14),""path""]";"[(24, 14),""path""]";"[(25, 14),""path""]";"[(26, 14),""path""]";"[(27, 14),""path""]";"[(28, 14),""path""]";"[(29, 14),""path""]";"[(30, 14),""wall""]";"[(31, 14),""path""]";"[(32, 14),""path""]";"[(33, 14),""wall""]";"[(34, 14),""path""]";"[(35, 14),""path""]";"[(36, 14),""wall""]";"[(37, 14),""path""]";"[(38, 14),""wall""]";"[(39, 14),""path""]"
"[(0, 15),""path""]";"[(1, 15),""wall""]";"[(2, 15),""wall""]";"[(3, 15),""path""]";"[(4, 15),""path""]";"[(5, 15),""path""]";"[(6, 15),""path""]";"[(7, 15),""path""]";"[(8, 15),""wall""]";"[(9, 15),""path""]";"[(10, 15),""path""]";"[(11, 15),""wall""]";"[(12, 15),""path""]";"[(13, 15),""path""]";"[(14, 15),""path""]";"[(15, 15),""wall""]";"[(16, 15),""path""]";"[(17, 15),""path""]";"[(18, 15),""path""]";"[(19, 15),""wall""]";"[(20, 15),""path""]";"[(21, 15),""wall""]";"[(22, 15),""wall""]";"[(23, 15),""path""]";"[(24, 15),""wall""]";"[(25, 15),""path""]";"[(26, 15),""wall""]";"[(27, 15),""wall""]";"[(28, 15),""wall""]";"[(29, 15),""path""]";"[(30, 15),""wall""]";"[(31, 15),""wall""]";"[(32, 15),""path""]";"[(33, 15),""path""]";"[(34, 15),""path""]";"[(35, 15),""wall""]";"[(36, 15),""path""]";"[(37, 15),""wall""]";"[(38, 15),""path""]";"[(39, 15),""path""]"
"[(0, 16),""path""]";"[(1, 16),""path""]";"[(2, 16),""path""]";"[(3, 16),""path""]";"[(4, 16),""wall""]";"[(5, 16),""wall""]";"[(6, 16),""path""]";"[(7, 16),""wall""]";"[(8, 16),""path""]";"[(9, 16),""wall""]";"[(10, 16),""path""]";"[(11, 16),""wall""]";"[(12, 16),""wall""]";"[(13, 16),""path""]";"[(14, 16),""wall""]";"[(15, 16),""path""]";"[(16, 16),""path""]";"[(17, 16),""wall""]";"[(18, 16),""path""]";"[(19, 16),""path""]";"[(20, 16),""wall""]";"[(21, 16),""path""]";"[(22, 16),""wall""]";"[(23, 16),""wall""]";"[(24, 16),""path""]";"[(25, 16),""wall""]";"[(26, 16),""path""]";"[(27, 16),""path""]";"[(28, 16),""path""]";"[(29, 16),""wall""]";"[(30, 16),""path""]";"[(31, 16),""path""]";"[(32, 16),""wall""]";"[(33, 16),""path""]";"[(34, 16),""wall""]";"[(35, 16),""wall""]";"[(36, 16),""path""]";"[(37, 16),""wall""]";"[(38, 16),""wall""]";"[(39, 16),""path""]"
"[(0, 17),""wall""]";"[(1, 17),""path""]";"[(2, 17),""wall""]";"[(3, 17),""path""]";"[(4, 17),""wall""]";"[(5, 17),""path""]";"[(6, 17),""path""]";"[(7, 17),""path""]";"[(8, 17),""path""]";"[(9, 17),""wall""]";"[(10, 17),""wall""]";"[(11, 17),""path""]";"[(12, 17),""path""]";"[(13, 17),""path""]";"[(14, 17),""wall""]";"[(15, 17),""wall""]";"[(16, 17),""path""]";"[(17, 17),""path""]";"[(18, 17),""wall""]";"[(19, 17),""path""]";"[(20, 17),""path""]";"[(21, 17),""path""]";"[(22, 17),""path""]";"[(23, 17),""path""]";"[(24, 17),""path""]";"[(25, 17),""path""]";"[(26, 17),""path""]";"[(27, 17),""wall""]";"[(28, 17),""wall""]";"[(29, 17),""path""]";"[(30, 17),""wall""]";"[(31, 17),""path""]";"[(32, 17),""path""]";"[(33, 17),""wall""]";"[(34, 17),""path""]";"[(35, 17),""path""]";"[(36, 17),""path""]";"[(37, 17),""path""]";"[(38, 17),""path""]";"[(39, 17),""wall""]"
"[(0, 18),""path""]";"[(1, 18),""wall""]";"[(2, 18),""wall""]";"[(3, 18),""wall""]";"[(4, 18),""wall""]";"[(5, 18),""wall""]";"[(6, 18),""wall""]";"[(7, 18),""wall""]";"[(8, 18),""path""]";"[(9, 18),""path""]";"[(10, 18),""path""]";"[(11, 18),""wall""]";"[(12, 18),""wall""]";"[(13, 18),""path""]";"[(14, 18),""path""]";"[(15, 18),""path""]";"[(16, 18),""wall""]";"[(17, 18),""wall""]";"[(18, 18),""wall""]";"[(19, 18),""wall""]";"[(20, 18),""path""]";"[(21, 18),""wall""]";"[(22, 18),""path""]";"[(23, 18),""wall""]";"[(24, 18),""wall""]";"[(25, 18),""path""]";"[(26, 18),""wall""]";"[(27, 18),""path""]";"[(28, 18),""wall""]";"[(29, 18),""path""]";"[(30, 18),""path""]";"[(31, 18),""path""]";"[(32, 18),""wall""]";"[(33, 18),""path""]";"[(34, 18),""wall""]";"[(35, 18),""wall""]";"[(36, 18),""path""]";"[(37, 18),""wall""]";"[(38, 18),""path""]";"[(39, 18),""path""]"
"[(0, 19),""path""]";"[(1, 19),""path""]";"[(2, 19),""wall""]";"[(3, 19),""path""]";"[(4, 19),""wall""]";"[(5, 19),""path""]";"[(6, 19),""path""]";"[(7, 19),""path""]";"[(8, 19),""path""]";"[(9, 19),""wall""]";"[(10, 19),""path""]";"[(11, 19),""wall""]";"[(12, 19),""path""]";"[(13, 19),""wall""]";"[(14, 19),""path""]";"[(15, 19),""wall""]";"[(16, 19),""path""]";"[(17, 19),""path""]";"[(18, 19),""wall""]";"[(19, 19),""path""]";"[(20, 19),""path""]";"[(21, 19),""wall""]";"[(22, 19),""wall""]";"[(23, 19),""path""]";"[(24, 19),""wall""]";"[(25, 19),""path""]";"[(26, 19),""path""]";"[(27, 19),""path""]";"[(28, 19),""path""]";"[(29, 19),""path""]";"[(30, 19),""wall""]";"[(31, 19),""wall""]";"[(32, 19),""path""]";"[(33, 19),""path""]";"[(34, 19),""path""]";"[(35, 19),""path""]";"[(36, 19),""path""]";"[(37, 19),""wall""]";"[(38, 19),""wall""]";"[(39, 19),""path""]"
"[(0, 20),""path""]";"[(1, 20),""wall""]";"[(2, 20),""path""]";"[(3, 20),""path""]";"[(4, 20),""path""]";"[(5, 20),""path""]";"[(6, 20),""wall""]";"[(7, 20),""wall""]";"[(8, 20),""path""]";"[(9, 20),""wall""]";"[(10, 20),""wall""]";"[(11, 20),""path""]";"[(12, 20),""path""]";"[(13, 20),""path""]";"[(14, 20),""path""]";"[(15, 20),""path""]";"[(16, 20),""path""]";"[(17, 20),""wall""]";"[(18, 20),""path""]";"[(19, 20),""path""]";"[(20, 20),""wall""]";"[(21, 20),""path""]";"[(22, 20),""path""]";"[(23, 20),""path""]";"[(24, 20),""path""]";"[(25, 20),""path""]";"[(26, 20),""wall""]";"[(27, 20),""wall""]";"[(28, 20),""path""]";"[(29, 20),""wall""]";"[(30, 20),""wall""]";"[(31, 20),""wall""]";"[(32, 20),""path""]";"[(33, 20),""wall""]";"[(34, 20),""wall""]";"[(35, 20),""path""]";"[(36, 20),""wall""]";"[(37, 20),""path""]";"[(38, 20),""wall""]";"[(39, 20),""wall""]"
"[(0, 21),""path""]";"[(1, 21),""path""]";"[(2, 21),""path""]";"[(3, 21),""wall""]";"[(4, 21),""path""]";"[(5, 21),""wall""]";"[(6, 21),""path""]";"[(7, 21),""path""]";"[(8, 21),""path""]";"[(9, 21),""path""]";"[(10, 21),""path""]";"[(11, 21),""wall""]";"[(12, 21),""path""]";"[(13, 21),""wall""]";"[(14, 21),""wall""]";"[(15, 21),""path""]";"[(16, 21),""wall""]";"[(17, 21),""path""]";"[(18, 21),""wall""]";"[(19, 21),""path""]";"[(20, 21),""wall""]";"[(21, 21),""path""]";"[(22, 21),""wall""]";"[(23, 21),""path""]";"[(24, 21),""wall""]";"[(25, 21),""path""]";"[(26, 21),""path""]";"[(27, 21),""path""]";"[(28, 21),""wall""]";"[(29, 21),""wall""]";"[(30, 21),""wall""]";"[(31, 21),""path""]";"[(32, 21),""path""]";"[(33, 21),""path""]";"[(34, 21),""path""]";"[(35, 21),""wall""]";"[(36, 21),""path""]";"[(37, 21),""path""]";"[(38, 21),""path""]";"[(39, 21),""path""]"
"[(0, 22),""path""]";"[(1, 22),""wall""]";"[(2, 22),""path""]";"[(3, 22),""path""]";"[(4, 22),""wall""]";"[(5, 22),""path""]";"[(6, 22),""wall""]";"[(7, 22),""wall""]";"[(8, 22),""path""]";"[(9, 22),""wall""]";"[(10, 22),""path""]";"[(11, 22),""path""]";"[(12, 22),""wall""]";"[(13, 22),""path""]";"[(14, 22),""path""]";"[(15, 22),""path""]";"[(16, 22),""path""]";"[(17, 22),""path""]";"[(18, 22),""wall""]";"[(19, 22),""path""]";"[(20, 22),""path""]";"[(21, 22),""wall""]";"[(22, 22),""path""]";"[(23, 22),""path""]";"[(24, 22),""path""]";"[(25, 22),""wall""]";"[(26, 22),""wall""]";"[(27, 22),""path""]";"[(28, 22),""wall""]";"[(29, 22),""wall""]";"[(30, 22),""path""]";"[(31, 22),""path""]";"[(32, 22),""wall""]";"[(33, 22),""path""]";"[(34, 22),""wall""]";"[(35, 22),""path""]";"[(36, 22),""path""]";"[(37, 22),""wall""]";"[(38, 22),""wall""]";"[(39, 22),""path""]"
"[(0, 23),""path""]";"[(1, 23),""path""]";"[(2, 23),""wall""]";"[(3, 23),""wall""]";"[(4, 23),""path""]";"[(5, 23),""path""]";"[(6, 23),""path""]";"[(7, 23),""path""]";"[(8, 23),""path""]";"[(9, 23),""path""]";"[(10, 23),""wall""]";"[(11, 23),""path""]";"[(12, 23),""path""]";"[(13, 23),""wall""]";"[(14, 23),""path""]";"[(15, 23),""wall""]";"[(16, 23),""path""]";"[(17, 23),""wall""]";"[(18, 23),""wall""]";"[(19, 23),""wall""]";"[(20, 23),""wall""]";"[(21, 23),""path""]";"[(22, 23),""wall""]";"[(23, 23),""path""]";"[(24, 23),""wall""]";"[(25, 23),""path""]";"[(26, 23),""path""]";"[(27, 23),""path""]";"[(28, 23),""path""]";"[(29, 23),""path""]";"[(30, 23),""path""]";"[(31, 23),""wall""]";"[(32, 23),""path""]";"[(33, 23),""path""]";"[(34, 23),""path""]";"[(35, 23),""path""]";"[(36, 23),""wall""]";"[(37, 23),""path""]";"[(38, 23),""wall""]";"[(39, 23),""path""]"
"[(0, 24),""path""]";"[(1, 24),""wall""]";"[(2, 24),""path""]";"[(3, 24),""path""]";"[(4, 24),""wall""]";"[(5, 24),""wall""]";"[(6, 24),""path""]";"[(7, 24),""wall""]";"[(8, 24),""path""]";"[(9, 24),""wall""]";"[(10, 24),""path""]";"[(11, 24),""wall""]";"[(12, 24),""path""]";"[(13, 24),""path""]";"[(14, 24),""wall""]";"[(15, 24),""path""]";"[(16, 24),""path""]";"[(17, 24),""path""]";"[(18, 24),""wall""]";"[(19, 24),""path""]";"[(20, 24),""wall""]";"[(21, 24),""path""]";"[(22, 24),""path""]";"[(23, 24),""path""]";"[(24, 24),""path""]";"[(25, 24),""wall""]";"[(26, 24),""path""]";"[(27, 24),""wall""]";"[(28, 24),""path""]";"[(29, 24),""wall""]";"[(30, 24),""path""]";"[(31, 24),""wall""]";"[(32, 24),""wall""]";"[(33, 24),""path""]";"[(34, 24),""wall""]";"[(35, 24),""path""]";"[(36, 24),""path""]";"[(37, 24),""path""]";"[(38, 24),""path""]";"[(39, 24),""wall""]"
"[(0, 25),""path""]";"[(1, 25),""path""]";"[(2, 25),""wall""]";"[(3, 25),""path""]";"[(4, 25),""path""]";"[(5, 25),""path""]";"[(6, 25),""path""]";"[(7, 25),""wall""]";"[(8, 25),""path""]";"[(9, 25),""path""]";"[(10, 25),""path""]";"[(11, 25),""wall""]";"[(12, 25),""path""]";"[(13, 25),""wall""]";"[(14, 25),""path""]";"[(15, 25),""path""]";"[(16, 25),""wall""]";"[(17, 25),""path""]";"[(18, 25),""path""]";"[(19, 25),""path""]";"[(20, 25),""path""]";"[(21, 25),""wall""]";"[(22, 25),""wall""]";"[(23, 25),""path""]";"[(24, 25),""wall""]";"[(25, 25),""path""]";"[(26, 25),""path""]";"[(27, 25),""path""]";"[(28, 25),""wall""]";"[(29, 25),""path""]";"[(30, 25),""path""]";"[(31, 25),""path""]";"[(32, 25),""path""]";"[(33, 25),""wall""]";"[(34, 25),""path""]";"[(35, 25),""path""]";"[(36, 25),""wall""]";"[(37, 25),""wall""]";"[(38, 25),""path""]";"[(39, 25),""path""]"
"[(0, 26),""path""]";"[(1, 26),""wall""]";"[(2, 26),""path""]";"[(3, 26),""wall""]";"[(4, 26),""wall""]";"[(5, 26),""wall""]";"[(6, 26),""path""]";"[(7, 26),""path""]";"[(8, 26),""wall""]";"[(9, 26),""path""]";"[(10, 26),""wall""]";"[(11, 26),""path""]";"[(12, 26),""path""]";"[(13, 26),""path""]";"[(14, 26),""wall""]";"[(15, 26),""path""]";"[(16, 26),""wall""]";"[(17, 26),""path""]";"[(18, 26),""wall""]";"[(19, 26),""path""]";"[(20, 26),""wall""]";"[(21, 26),""path""]";"[(22, 26),""path""]";"[(23, 26),""wall""]";"[(24, 26),""path""]";"[(25, 26),""path""]";"[(26, 26),""wall""]";"[(27, 26),""path""]";"[(28, 26),""path""]";"[(29, 26),""wall""]";"[(30, 26),""wall""]";"[(31, 26),""path""]";"[(32, 26),""wall""]";"[(33, 26),""wall""]";"[(34, 26),""path""]";"[(35, 26),""wall""]";"[(36, 26),""path""]";"[(37, 26),""path""]";"[(38, 26),""path""]";"[(39, 26),""wall""]"
"[(0, 27),""path""]";"[(1, 27),""wall""]";"[(2, 27),""path""]";"[(3, 27),""path""]";"[(4, 27),""path""]";"[(5, 27),""path""]";"[(6, 27),""path""]";"[(7, 27),""wall""]";"[(8, 27),""path""]";"[(9, 27),""path""]";"[(10, 27),""path""]";"[(11, 27),""wall""]";"[(12, 27),""wall""]";"[(13, 27),""path""]";"[(14, 27),""wall""]";"[(15, 27),""wall""]";"[(16, 27),""path""]";"[(17, 27),""path""]";"[(18, 27),""wall""]";"[(19, 27),""path""]";"[(20, 27),""path""]";"[(21, 27),""path""]";"[(22, 27),""wall""]";"[(23, 27),""wall""]";"[(24, 27),""path""]";"[(25, 27),""wall""]";"[(26, 27),""path""]";"[(27, 27),""wall""]";"[(28, 27),""path""]";"[(29, 27),""path""]";"[(30, 27),""wall""]";"[(31, 27),""wall""]";"[(32, 27),""path""]";"[(33, 27),""path""]";"[(34, 27),""wall""]";"[(35, 27),""path""]";"[(36, 27),""wall""]";"[(37, 27),""wall""]";"[(38, 27),""path""]";"[(39, 27),""path""]"
"[(0, 28),""wall""]";"[(1, 28),""path""]";"[(2, 28),""path""]";"[(3, 28),""wall""]";"[(4, 28),""wall""]";"[(5, 28),""path""]";"[(6, 28),""wall""]";"[(7, 28),""path""]";"[(8, 28),""wall""]";"[(9, 28),""path""]";"[(10, 28),""wall""]";"[(11, 28),""path""]";"[(12, 28),""path""]";"[(13, 28),""wall""]";"[(14, 28),""path""]";"[(15, 28),""path""]";"[(16, 28),""path""]";"[(17, 28),""wall""]";"[(18, 28),""path""]";"[(19, 28),""path""]";"[(20, 28),""wall""]";"[(21, 28),""path""]";"[(22, 28),""path""]";"[(23, 28),""path""]";"[(24, 28),""wall""]";"[(25, 28),""path""]";"[(26, 28),""path""]";"[(27, 28),""wall""]";"[(28, 28),""wall""]";"[(29, 28),""path""]";"[(30, 28),""path""]";"[(31, 28),""path""]";"[(32, 28),""path""]";"[(33, 28),""wall""]";"[(34, 28),""path""]";"[(35, 28),""path""]";"[(36, 28),""path""]";"[(37, 28),""wall""]";"[(38, 28),""path""]";"[(39, 28),""wall""]"
"[(0, 29),""path""]";"[(1, 29),""wall""]";"[(2, 29),""wall""]";"[(3, 29),""path""]";"[(4, 29),""path""]";"[(5, 29),""path""]";"[(6, 29),""path""]";"[(7, 29),""path""]";"[(8, 29),""wall""]";"[(9, 29),""path""]";"[(10, 29),""path""]";"[(11, 29),""wall""]";"[(12, 29),""path""]";"[(13, 29),""wall""]";"[(14, 29),""wall""]";"[(15, 29),""path""]";"[(16, 29),""wall""]";"[(17, 29),""path""]";"[(18, 29),""path""]";"[(19, 29),""wall""]";"[(20, 29),""wall""]";"[(21, 29),""path""]";"[(22, 29),""wall""]";"[(23, 29),""path""]";"[(24, 29),""wall""]";"[(25, 29),""wall""]";"[(26, 29),""path""]";"[(27, 29),""path""]";"[(28, 29),""path""]";"[(29, 29),""path""]";"[(30, 29),""wall""]";"[(31, 29),""path""]";"[(32, 29),""wall""]";"[(33, 29),""path""]";"[(34, 29),""wall""]";"[(35, 29),""path""]";"[(36, 29),""wall""]";"[(37, 29),""path""]";"[(38, 29),""path""]";"[(39, 29),""path""]"
"[(0, 30),""path""]";"[(1, 30),""path""]";"[(2, 30),""path""]";"[(3, 30),""path""]";"[(4, 30),""wall""]";"[(5, 30),""path""]";"[(6, 30),""wall""]";"[(7, 30),""wall""]";"[(8, 30),""path""]";"[(9, 30),""path""]";"[(10, 30),""wall""]";"[(11, 30),""path""]";"[(12, 30),""path""]";"[(13, 30),""path""]";"[(14, 30),""path""]";"[(15, 30),""path""]";"[(16, 30),""path""]";"[(17, 30),""wall""]";"[(18, 30),""path""]";"[(19, 30),""path""]";"[(20, 30),""path""]";"[(21, 30),""wall""]";"[(22, 30),""path""]";"[(23, 30),""path""]";"[(24, 30),""path""]";"[(25, 30),""path""]";"[(26, 30),""wall""]";"[(27, 30),""path""]";"[(28, 30),""wall""]";"[(29, 30),""wall""]";"[(30, 30),""path""]";"[(31, 30),""path""]";"[(32, 30),""path""]";"[(33, 30),""path""]";"[(34, 30),""path""]";"[(35, 30),""path""]";"[(36, 30),""path""]";"[(37, 30),""wall""]";"[(38, 30),""wall""]";"[(39, 30),""path""]"
"[(0, 31),""path""]";"[(1, 31),""wall""]";"[(2, 31),""path""]";"[(3, 31),""wall""]";"[(4, 31),""wall""]";"[(5, 31),""path""]";"[(6, 31),""wall""]";"[(7, 31),""path""]";"[(8, 31),""wall""]";"[(9, 31),""wall""]";"[(10, 31),""path""]";"[(11, 31),""path""]";"[(12, 31),""wall""]";"[(13, 31),""path""]";"[(14, 31),""wall""]";"[(15, 31),""path""]";"[(16, 31),""wall""]";"[(17, 31),""wall""]";"[(18, 31),""path""]";"[(19, 31),""wall""]";"[(20, 31),""path""]";"[(21, 31),""path""]";"[(22, 31),""wall""]";"[(23, 31),""path""]";"[(24, 31),""wall""]";"[(25, 31),""path""]";"[(26, 31),""wall""]";"[(27, 31),""wall""]";"[(28, 31),""path""]";"[(29, 31),""path""]";"[(30, 31),""path""]";"[(31, 31),""wall""]";"[(32, 31),""path""]";"[(33, 31),""wall""]";"[(34, 31),""path""]";"[(35, 31),""wall""]";"[(36, 31),""path""]";"[(37, 31),""path""]";"[(38, 31),""wall""]";"[(39, 31),""path""]"
"[(0, 32),""path""]";"[(1, 32),""wall""]";"[(2, 32),""path""]";"[(3, 32),""wall""]";"[(4, 32),""path""]";"[(5, 32),""path""]";"[(6, 32),""path""]";"[(7, 32),""path""]";"[(8, 32),""path""]";"[(9, 32),""path""]";"[(10, 32),""wall""]";"[(11, 32),""wall""]";"[(12, 32),""path""]";"[(13, 32),""path""]";"[(14, 32),""wall""]";"[(15, 32),""path""]";"[(16, 32),""wall""]";"[(17, 32),""path""]";"[(18, 32),""wall""]";"[(19, 32),""path""]";"[(20, 32),""path""]";"[(21, 32),""wall""]";"[(22, 32),""path""]";"[(23, 32),""path""]";"[(24, 32),""wall""]";"[(25, 32),""path""]";"[(26, 32),""path""]";"[(27, 32),""path""]";"[(28, 32),""wall""]";"[(29, 32),""path""]";"[(30, 32),""wall""]";"[(31, 32),""path""]";"[(32, 32),""wall""]";"[(33, 32),""wall""]";"[(34, 32),""path""]";"[(35, 32),""wall""]";"[(36, 32),""path""]";"[(37, 32),""wall""]";"[(38, 32),""path""]";"[(39, 32),""path""]"
"[(0, 33),""wall""]";"[(1, 33),""wall""]";"[(2, 33),""path""]";"[(3, 33),""path""]";"[(4, 33),""wall""]";"[(5, 33),""path""]";"[(6, 33),""wall""]";"[(7, 33),""path""]";"[(8, 33),""wall""]";"[(9, 33),""path""]";"[(10, 33),""path""]";"[(11, 33),""path""]";"[(12, 33),""wall""]";"[(13, 33),""path""]";"[(14, 33),""wall""]";"[(15, 33),""path""]";"[(16, 33),""path""]";"[(17, 33),""path""]";"[(18, 33),""path""]";"[(19, 33),""wall""]";"[(20, 33),""path""]";"[(21, 33),""path""]";"[(22, 33),""wall""]";"[(23, 33),""path""]";"[(24, 33),""wall""]";"[(25, 33),""path""]";"[(26, 33),""wall""]";"[(27, 33),""wall""]";"[(28, 33),""end""]";"[(29, 33),""path""]";"[(30, 33),""path""]";"[(31, 33),""wall""]";"[(32, 33),""wall""]";"[(33, 33),""wall""]";"[(34, 33),""wall""]";"[(35, 33),""path""]";"[(36, 33),""path""]";"[(37, 33),""path""]";"[(38, 33),""wall""]";"[(39, 33),""path""]"
"[(0, 34),""path""]";"[(1, 34),""path""]";"[(2, 34),""path""]";"[(3, 34),""wall""]";"[(4, 34),""path""]";"[(5, 34),""path""]";"[(6, 34),""wall""]";"[(7, 34),""path""]";"[(8, 34),""wall""]";"[(9, 34),""wall""]";"[(10, 34),""path""]";"[(11, 34),""wall""]";"[(12, 34),""path""]";"[(13, 34),""wall""]";"[(14, 34),""path""]";"[(15, 34),""path""]";"[(16, 34),""wall""]";"[(17, 34),""path""]";"[(18, 34),""wall""]";"[(19, 34),""path""]";"[(20, 34),""path""]";"[(21, 34),""wall""]";"[(22, 34),""path""]";"[(23, 34),""path""]";"[(24, 34),""wall""]";"[(25, 34),""path""]";"[(26, 34),""wall""]";"[(27, 34),""wall""]";"[(28, 34),""path""]";"[(29, 34),""wall""]";"[(30, 34),""wall""]";"[(31, 34),""path""]";"[(32, 34),""wall""]";"[(33, 34),""wall""]";"[(34, 34),""path""]";"[(35, 34),""wall""]";"[(36, 34),""wall""]";"[(37, 34),""path""]";"[(38, 34),""wall""]";"[(39, 34),""wall""]"
"[(0, 35),""path""]";"[(1, 35),""wall""]";"[(2, 35),""path""]";"[(3, 35),""path""]";"[(4, 35),""wall""]";"[(5, 35),""path""]";"[(6, 35),""path""]";"[(7, 35),""wall""]";"[(8, 35),""path""]";"[(9, 35),""path""]";"[(10, 35),""path""]";"[(11, 35),""wall""]";"[(12, 35),""path""]";"[(13, 35),""wall""]";"[(14, 35),""path""]";"[(15, 35),""wall""]";"[(16, 35),""path""]";"[(17, 35),""path""]";"[(18, 35),""path""]";"[(19, 35),""wall""]";"[(20, 35),""path""]";"[(21, 35),""path""]";"[(22, 35),""wall""]";"[(23, 35),""path""]";"[(24, 35),""wall""]";"[(25, 35),""path""]";"[(26, 35),""path""]";"[(27, 35),""path""]";"[(28, 35),""wall""]";"[(29, 35),""path""]";"[(30, 35),""wall""]";"[(31, 35),""wall""]";"[(32, 35),""path""]";"[(33, 35),""path""]";"[(34, 35),""path""]";"[(35, 35),""wall""]";"[(36, 35),""path""]";"[(37, 35),""path""]";"[(38, 35),""path""]";"[(39, 35),""path""]"
"[(0, 36),""path""]";"[(1, 36),""path""]";"[(2, 36),""wall""]";"[(3, 36),""path""]";"[(4, 36),""wall""]";"[(5, 36),""path""]";"[(6, 36),""wall""]";"[(7, 36),""path""]";"[(8, 36),""path""]";"[(9, 36),""wall""]";"[(10, 36),""path""]";"[(11, 36),""path""]";"[(12, 36),""path""]";"[(13, 36),""path""]";"[(14, 36),""wall""]";"[(15, 36),""wall""]";"[(16, 36),""wall""]";"[(17, 36),""path""]";"[(18, 36),""wall""]";"[(19, 36),""path""]";"[(20, 36),""path""]";"[(21, 36),""wall""]";"[(22, 36),""wall""]";"[(23, 36),""path""]";"[(24, 36),""wall""]";"[(25, 36),""path""]";"[(26, 36),""wall""]";"[(27, 36),""path""]";"[(28, 36),""path""]";"[(29, 36),""path""]";"[(30, 36),""path""]";"[(31, 36),""path""]";"[(32, 36),""wall""]";"[(33, 36),""path""]";"[(34, 36),""wall""]";"[(35, 36),""path""]";"[(36, 36),""wall""]";"[(37, 36),""path""]";"[(38, 36),""wall""]";"[(39, 36),""path""]"
"[(0, 37),""path""]";"[(1, 37),""wall""]";"[(2, 37),""path""]";"[(3, 37),""path""]";"[(4, 37),""wall""]";"[(5, 37),""wall""]";"[(6, 37),""path""]";"[(7, 37),""path""]";"[(8, 37),""wall""]";"[(9, 37),""path""]";"[(10, 37),""path""]";"[(11, 37),""wall""]";"[(12, 37),""path""]";"[(13, 37),""wall""]";"[(14, 37),""path""]";"[(15, 37),""wall""]";"[(16, 37),""path""]";"[(17, 37),""path""]";"[(18, 37),""wall""]";"[(19, 37),""path""]";"[(20, 37),""wall""]";"[(21, 37),""path""]";"[(22, 37),""path""]";"[(23, 37),""path""]";"[(24, 37),""wall""]";"[(25, 37),""path""]";"[(26, 37),""path""]";"[(27, 37),""wall""]";"[(28, 37),""path""]";"[(29, 37),""wall""]";"[(30, 37),""path""]";"[(31, 37),""wall""]";"[(32, 37),""path""]";"[(33, 37),""path""]";"[(34, 37),""path""]";"[(35, 37),""path""]";"[(36, 37),""wall""]";"[(37, 37),""path""]";"[(38, 37),""wall""]";"[(39, 37),""wall""]"
"[(0, 38),""path""]";"[(1, 38),""path""]";"[(2, 38),""wall""]";"[(3, 38),""path""]";"[(4, 38),""path""]";"[(5, 38),""path""]";"[(6, 38),""wall""]";"[(7, 38),""path""]";"[(8, 38),""path""]";"[(9, 38),""wall""]";"[(10, 38),""path""]";"[(11, 38),""wall""]";"[(12, 38),""path""]";"[(13, 38),""path""]";"[(14, 38),""path""]";"[(15, 38),""path""]";"[(16, 38),""wall""]";"[(17, 38),""path""]";"[(18, 38),""wall""]";"[(19, 38),""path""]";"[(20, 38),""wall""]";"[(21, 38),""path""]";"[(22, 38),""wall""]";"[(23, 38),""path""]";"[(24, 38),""wall""]";"[(25, 38),""path""]";"[(26, 38),""wall""]";"[(27, 38),""path""]";"[(28, 38),""path""]";"[(29, 38),""wall""]";"[(30, 38),""path""]";"[(31, 38),""wall""]";"[(32, 38),""path""]";"[(33, 38),""wall""]";"[(34, 38),""wall""]";"[(35, 38),""path""]";"[(36, 38),""wall""]";"[(37, 38),""path""]";"[(38, 38),""path""]";"[(39, 38),""path""]"
"[(0, 39),""path""]";"[(1, 39),""wall""]";"[(2, 39),""wall""]";"[(3, 39),""wall""]";"[(4, 39),""path""]";"[(5, 39),""wall""]";"[(6, 39),""path""]";"[(7, 39),""path""]";"[(8, 39),""wall""]";"[(9, 39),""path""]";"[(10, 39),""path""]";"[(11, 39),""wall""]";"[(12, 39),""path""]";"[(13, 39),""wall""]";"[(14, 39),""path""]";"[(15, 39),""wall""]";"[(16, 39),""wall""]";"[(17, 39),""wall""]";"[(18, 39),""path""]";"[(19, 39),""path""]";"[(20, 39),""path""]";"[(21, 39),""wall""]";"[(22, 39),""path""]";"[(23, 39),""path""]";"[(24, 39),""wall""]";"[(25, 39),""path""]";"[(26, 39),""path""]";"[(27, 39),""wall""]";"[(28, 39),""path""]";"[(29, 39),""path""]";"[(30, 39),""wall""]";"[(31, 39),""path""]";"[(32, 39),""path""]";"[(33, 39),""wall""]";"[(34, 39),""path""]";"[(35, 39),""path""]";"[(36, 39),""path""]";"[(37, 39),""wall""]";"[(38, 39),""wall""]";"[(39, 39),""path""]"
